Workbook

Sheet README
A1: People's Priorities — Constituency Development Prioritization Model
A3: PURPOSE
A4: Converts raw citizen submissions (voice/text/photo/messaging) into a ranked, evidence-backed shortlist of development projects, using a transparent multi-criteria scoring formula.
A6: HOW TO USE
A7: 1. Assumptions & Weights — adjust the blue cells to change how much each factor matters (must sum to 100%).
A8: 2. Raw_Submissions — paste/simulate citizen intake data here (one row per demand cluster, after dedup).
A9: 3. Need_Gap_Data — public dataset overlay (enrollment, distance, coverage) joined by Ward/Sector.
A10: 4. Scoring_Engine — automatically computes each project's score and rank from the two sheets above. Do not edit — all formulas.
A11: 5. Dashboard — pivoted summary view: ranked list, sector totals, ward heatmap-style table.
A13: SCORING FORMULA
A14: Priority Score = (Demand_Norm × W1) + (NeedGap_Norm × W2) + (Impact_per_Cost_Norm × W3) + (Urgency_Norm × W4) − (Duplication_Penalty)
A16: All component scores are normalized 0–100 before weighting, so no single metric dominates due to scale.
A18: Blue = input (editable). Black = formula (do not edit). Green = link from another sheet.

Sheet Assumptions_Weights
A1: Scoring Weights (must total 100%)
A3: Factor | B3: Weight | C3: Definition
A4: Citizen Demand Volume | B4: 0.3 | C4: Size of demand cluster (deduplicated citizen count) + recency of submissions
A5: Need-Gap Severity | B5: 0.35 | C5: Objective gap vs public data: enrollment/seat ratio, travel distance, facility coverage
A6: Impact per Cost | B6: 0.25 | C6: Estimated population served divided by estimated project cost (value-for-money)
A7: Urgency / Safety Risk | B7: 0.1 | C7: Flagged safety hazards, health risks, or time-critical infrastructure failure
A8: TOTAL | B8: =SUM(B4:B7) -> 1
A10: Duplication Penalty (points deducted per near-duplicate proposal already funded/in progress) | B10: 5
A11: Max score cap | B11: 100
A13: Note: change weights above and the entire ranking in Scoring_Engine and Dashboard recalculates automatically.

Sheet Raw_Submissions
A1: Cluster_ID | B1: Project_Title | C1: Sector | D1: Ward | E1: Num_Citizens_Reporting | F1: Days_Since_First_Report | G1: Channel_Mix | H1: Urgency_Flag(1=safety/health risk) | I1: Est_Population_Served | J1: Est_Cost_INR_Lakh | K1: Already_In_Progress(Y/N)
A2: C001 | B2: Upgrade Govt Primary School Bldg | C2: Education | D2: Ward 4 | E2: 142 | F2: 58 | G2: Voice+WhatsApp | H2: 0 | I2: 850 | J2: 45 | K2: N
A3: C002 | B3: New Vocational Training Centre | C3: Education | D3: Ward 7 | E3: 23 | F3: 12 | G3: Web form | H3: 0 | I3: 1200 | J3: 220 | K3: N
A4: C003 | B4: Repair Access Road to Health Sub-Centre | C4: Roads | D4: Ward 2 | E4: 96 | F4: 90 | G4: Letters+Voice | H4: 1 | I4: 3400 | J4: 30 | K4: N
A5: C004 | B5: Additional Classrooms - Enrollment Overflow | C5: Education | D5: Ward 4 | E5: 210 | F5: 140 | G5: WhatsApp+SMS | H5: 0 | I5: 900 | J5: 60 | K5: N
A6: C005 | B6: Streetlights - Public Safety | C6: Infrastructure | D6: Ward 9 | E6: 67 | F6: 20 | G6: Social Media | H6: 1 | I6: 2100 | J6: 15 | K6: N
A7: C006 | B7: Water Supply Pipeline Extension | C7: Water | D7: Ward 5 | E7: 188 | F7: 75 | G7: Voice+Grievance Portal | H7: 1 | I7: 4500 | J7: 80 | K7: N
A8: C007 | B8: Community Health Sub-Centre Upgrade | C8: Health | D8: Ward 2 | E8: 54 | F8: 45 | G8: Letters | H8: 0 | I8: 3400 | J8: 55 | K8: N
A9: C008 | B9: Bus Shelter Construction | C9: Infrastructure | D9: Ward 7 | E9: 18 | F9: 30 | G9: Web form | H9: 0 | I9: 600 | J9: 8 | K9: N
A10: C009 | B10: Girls Toilet Block - Govt School | C10: Education | D10: Ward 6 | E10: 39 | F10: 15 | G10: WhatsApp | H10: 1 | I10: 410 | J10: 12 | K10: N
A11: C010 | B11: Drainage/Flood Mitigation Works | C11: Infrastructure | D11: Ward 9 | E11: 121 | F11: 100 | G11: Voice+Social Media | H11: 1 | I11: 2100 | J11: 95 | K11: N
A12: C011 | B12: Skill Development Centre (duplicate of vocational ask) | C12: Education | D12: Ward 7 | E12: 15 | F12: 8 | G12: Social Media | H12: 0 | I12: 1200 | J12: 210 | K12: Y
A13: C012 | B13: Anganwadi Centre Renovation | C13: Health | D13: Ward 3 | E13: 44 | F13: 50 | G13: Letters+WhatsApp | H13: 0 | I13: 300 | J13: 10 | K13: N

Sheet Need_Gap_Data
A1: Cluster_ID | B1: Enrollment_vs_Seats_Ratio(1=full) | C1: Nearest_Alt_Facility_Distance_km | D1: Ward_Poverty_Index(0-100,higher=poorer) | E1: Infra_Gap_Score(0-100,manual/dataset-derived)
A2: C001 | B2: 1.15 | C2: 3.2 | D2: 58 | E2: 72
A3: C002 | B3: 0.6 | C3: 12.5 | D3: 64 | E3: 55
A4: C003 | B4: 0.9 | C4: 8 | D4: 71 | E4: 80
A5: C004 | B5: 1.35 | C5: 2.1 | D5: 58 | E5: 85
A6: C005 | B6: 0.7 | C6: 4.5 | D6: 49 | E6: 60
A7: C006 | B7: 0.85 | C7: 6 | D7: 77 | E7: 90
A8: C007 | B8: 1.05 | C8: 15 | D8: 71 | E8: 88
A9: C008 | B9: 0.5 | C9: 1.5 | D9: 40 | E9: 30
A10: C009 | B10: 1.1 | C10: 2.8 | D10: 66 | E10: 75
A11: C010 | B11: 0.75 | C11: 3 | D11: 52 | E11: 83
A12: C011 | B12: 0.6 | C12: 12.5 | D12: 64 | E12: 55
A13: C012 | B13: 0.95 | C13: 9 | D13: 68 | E13: 65
A15: Source: illustrative — replace with UDISE+ (education), PMGSY/GIS (distance), Census/SECC (poverty index), field survey (infra gap).

Sheet Scoring_Engine
A1: Cluster_ID | B1: Project_Title | C1: Sector | D1: Ward | E1: Demand_Raw | F1: Demand_Norm(0-100) | G1: NeedGap_Raw | H1: NeedGap_Norm(0-100) | I1: ImpactCost_Raw(pop/lakh) | J1: ImpactCost_Norm(0-100) | K1: Urgency_Norm(0-100) | L1: Dup_Penalty | M1: Priority_Score | N1: Rank
A2: =Raw_Submissions!A2 -> C001 | B2: =Raw_Submissions!B2 -> Upgrade Govt Primary School Bldg | C2: =Raw_Submissions!C2 -> Education | D2: =Raw_Submissions!D2 -> Ward 4 | E2: =Raw_Submissions!E2*(1/(1+Raw_Submissions!F2/365)) -> 122.52955 | F2: =($E2-MIN($E$2:$E$13))/(MAX($E$2:$E$13)-MIN($E$2:$E$13))*100 -> 76.340686 | G2: =MAX(0,Need_Gap_Data!B2-1)*40 + (Need_Gap_Data!C2/20)*20 + (Need_Gap_Data!D2/100)*20 + (Need_Gap_Data!E2/100)*20 -> 35.2 | H2: =($G2-MIN($G$2:$G$13))/(MAX($G$2:$G$13)-MIN($G$2:$G$13))*100 -> 59.159159 | I2: =Raw_Submissions!I2/Raw_Submissions!J2 -> 18.888889 | J2: =($I2-MIN($I$2:$I$13))/(MAX($I$2:$I$13)-MIN($I$2:$I$13))*100 -> 9.984985 | K2: =Raw_Submissions!H2*100 -> 0 | L2: =IF(Raw_Submissions!K2="Y",Assumptions_Weights!$B$10,0) -> 0 | M2: =MIN(Assumptions_Weights!$B$11, F2*Assumptions_Weights!$B$4 + H2*Assumptions_Weights!$B$5 + J2*Assumptions_Weights!$B$6 + K2*Assumptions_Weights!$B$7 - L2) -> 46.104158 | N2: =RANK(M2,$M$2:$M$13) -> 6
A3: =Raw_Submissions!A3 -> C002 | B3: =Raw_Submissions!B3 -> New Vocational Training Centre | C3: =Raw_Submissions!C3 -> Education | D3: =Raw_Submissions!D3 -> Ward 7 | E3: =Raw_Submissions!E3*(1/(1+Raw_Submissions!F3/365)) -> 22.267905 | F3: =($E3-MIN($E$2:$E$13))/(MAX($E$2:$E$13)-MIN($E$2:$E$13))*100 -> 5.3721837 | G3: =MAX(0,Need_Gap_Data!B3-1)*40 + (Need_Gap_Data!C3/20)*20 + (Need_Gap_Data!D3/100)*20 + (Need_Gap_Data!E3/100)*20 -> 36.3 | H3: =($G3-MIN($G$2:$G$13))/(MAX($G$2:$G$13)-MIN($G$2:$G$13))*100 -> 62.462462 | I3: =Raw_Submissions!I3/Raw_Submissions!J3 -> 5.4545455 | J3: =($I3-MIN($I$2:$I$13))/(MAX($I$2:$I$13)-MIN($I$2:$I$13))*100 -> 0 | K3: =Raw_Submissions!H3*100 -> 0 | L3: =IF(Raw_Submissions!K3="Y",Assumptions_Weights!$B$10,0) -> 0 | M3: =MIN(Assumptions_Weights!$B$11, F3*Assumptions_Weights!$B$4 + H3*Assumptions_Weights!$B$5 + J3*Assumptions_Weights!$B$6 + K3*Assumptions_Weights!$B$7 - L3) -> 23.473517 | N3: =RANK(M3,$M$2:$M$13) -> 10
A4: =Raw_Submissions!A4 -> C003 | B4: =Raw_Submissions!B4 -> Repair Access Road to Health Sub-Centre | C4: =Raw_Submissions!C4 -> Roads | D4: =Raw_Submissions!D4 -> Ward 2 | E4: =Raw_Submissions!E4*(1/(1+Raw_Submissions!F4/365)) -> 77.010989 | F4: =($E4-MIN($E$2:$E$13))/(MAX($E$2:$E$13)-MIN($E$2:$E$13))*100 -> 44.121146 | G4: =MAX(0,Need_Gap_Data!B4-1)*40 + (Need_Gap_Data!C4/20)*20 + (Need_Gap_Data!D4/100)*20 + (Need_Gap_Data!E4/100)*20 -> 38.2 | H4: =($G4-MIN($G$2:$G$13))/(MAX($G$2:$G$13)-MIN($G$2:$G$13))*100 -> 68.168168 | I4: =Raw_Submissions!I4/Raw_Submissions!J4 -> 113.33333 | J4: =($I4-MIN($I$2:$I$13))/(MAX($I$2:$I$13)-MIN($I$2:$I$13))*100 -> 80.18018 | K4: =Raw_Submissions!H4*100 -> 100 | L4: =IF(Raw_Submissions!K4="Y",Assumptions_Weights!$B$10,0) -> 0 | M4: =MIN(Assumptions_Weights!$B$11, F4*Assumptions_Weights!$B$4 + H4*Assumptions_Weights!$B$5 + J4*Assumptions_Weights!$B$6 + K4*Assumptions_Weights!$B$7 - L4) -> 67.140248 | N4: =RANK(M4,$M$2:$M$13) -> 2
A5: =Raw_Submissions!A5 -> C004 | B5: =Raw_Submissions!B5 -> Additional Classrooms - Enrollment Overflow | C5: =Raw_Submissions!C5 -> Education | D5: =Raw_Submissions!D5 -> Ward 4 | E5: =Raw_Submissions!E5*(1/(1+Raw_Submissions!F5/365)) -> 151.78218 | F5: =($E5-MIN($E$2:$E$13))/(MAX($E$2:$E$13)-MIN($E$2:$E$13))*100 -> 97.046661 | G5: =MAX(0,Need_Gap_Data!B5-1)*40 + (Need_Gap_Data!C5/20)*20 + (Need_Gap_Data!D5/100)*20 + (Need_Gap_Data!E5/100)*20 -> 44.7 | H5: =($G5-MIN($G$2:$G$13))/(MAX($G$2:$G$13)-MIN($G$2:$G$13))*100 -> 87.687688 | I5: =Raw_Submissions!I5/Raw_Submissions!J5 -> 15 | J5: =($I5-MIN($I$2:$I$13))/(MAX($I$2:$I$13)-MIN($I$2:$I$13))*100 -> 7.0945946 | K5: =Raw_Submissions!H5*100 -> 0 | L5: =IF(Raw_Submissions!K5="Y",Assumptions_Weights!$B$10,0) -> 0 | M5: =MIN(Assumptions_Weights!$B$11, F5*Assumptions_Weights!$B$4 + H5*Assumptions_Weights!$B$5 + J5*Assumptions_Weights!$B$6 + K5*Assumptions_Weights!$B$7 - L5) -> 61.578338 | N5: =RANK(M5,$M$2:$M$13) -> 3
A6: =Raw_Submissions!A6 -> C005 | B6: =Raw_Submissions!B6 -> Streetlights - Public Safety | C6: =Raw_Submissions!C6 -> Infrastructure | D6: =Raw_Submissions!D6 -> Ward 9 | E6: =Raw_Submissions!E6*(1/(1+Raw_Submissions!F6/365)) -> 63.519481 | F6: =($E6-MIN($E$2:$E$13))/(MAX($E$2:$E$13)-MIN($E$2:$E$13))*100 -> 34.571411 | G6: =MAX(0,Need_Gap_Data!B6-1)*40 + (Need_Gap_Data!C6/20)*20 + (Need_Gap_Data!D6/100)*20 + (Need_Gap_Data!E6/100)*20 -> 26.3 | H6: =($G6-MIN($G$2:$G$13))/(MAX($G$2:$G$13)-MIN($G$2:$G$13))*100 -> 32.432432 | I6: =Raw_Submissions!I6/Raw_Submissions!J6 -> 140 | J6: =($I6-MIN($I$2:$I$13))/(MAX($I$2:$I$13)-MIN($I$2:$I$13))*100 -> 100 | K6: =Raw_Submissions!H6*100 -> 100 | L6: =IF(Raw_Submissions!K6="Y",Assumptions_Weights!$B$10,0) -> 0 | M6: =MIN(Assumptions_Weights!$B$11, F6*Assumptions_Weights!$B$4 + H6*Assumptions_Weights!$B$5 + J6*Assumptions_Weights!$B$6 + K6*Assumptions_Weights!$B$7 - L6) -> 56.722775 | N6: =RANK(M6,$M$2:$M$13) -> 4
A7: =Raw_Submissions!A7 -> C006 | B7: =Raw_Submissions!B7 -> Water Supply Pipeline Extension | C7: =Raw_Submissions!C7 -> Water | D7: =Raw_Submissions!D7 -> Ward 5 | E7: =Raw_Submissions!E7*(1/(1+Raw_Submissions!F7/365)) -> 155.95455 | F7: =($E7-MIN($E$2:$E$13))/(MAX($E$2:$E$13)-MIN($E$2:$E$13))*100 -> 100 | G7: =MAX(0,Need_Gap_Data!B7-1)*40 + (Need_Gap_Data!C7/20)*20 + (Need_Gap_Data!D7/100)*20 + (Need_Gap_Data!E7/100)*20 -> 39.4 | H7: =($G7-MIN($G$2:$G$13))/(MAX($G$2:$G$13)-MIN($G$2:$G$13))*100 -> 71.771772 | I7: =Raw_Submissions!I7/Raw_Submissions!J7 -> 56.25 | J7: =($I7-MIN($I$2:$I$13))/(MAX($I$2:$I$13)-MIN($I$2:$I$13))*100 -> 37.753378 | K7: =Raw_Submissions!H7*100 -> 100 | L7: =IF(Raw_Submissions!K7="Y",Assumptions_Weights!$B$10,0) -> 0 | M7: =MIN(Assumptions_Weights!$B$11, F7*Assumptions_Weights!$B$4 + H7*Assumptions_Weights!$B$5 + J7*Assumptions_Weights!$B$6 + K7*Assumptions_Weights!$B$7 - L7) -> 74.558465 | N7: =RANK(M7,$M$2:$M$13) -> 1
A8: =Raw_Submissions!A8 -> C007 | B8: =Raw_Submissions!B8 -> Community Health Sub-Centre Upgrade | C8: =Raw_Submissions!C8 -> Health | D8: =Raw_Submissions!D8 -> Ward 2 | E8: =Raw_Submissions!E8*(1/(1+Raw_Submissions!F8/365)) -> 48.073171 | F8: =($E8-MIN($E$2:$E$13))/(MAX($E$2:$E$13)-MIN($E$2:$E$13))*100 -> 23.638003 | G8: =MAX(0,Need_Gap_Data!B8-1)*40 + (Need_Gap_Data!C8/20)*20 + (Need_Gap_Data!D8/100)*20 + (Need_Gap_Data!E8/100)*20 -> 48.8 | H8: =($G8-MIN($G$2:$G$13))/(MAX($G$2:$G$13)-MIN($G$2:$G$13))*100 -> 100 | I8: =Raw_Submissions!I8/Raw_Submissions!J8 -> 61.818182 | J8: =($I8-MIN($I$2:$I$13))/(MAX($I$2:$I$13)-MIN($I$2:$I$13))*100 -> 41.891892 | K8: =Raw_Submissions!H8*100 -> 0 | L8: =IF(Raw_Submissions!K8="Y",Assumptions_Weights!$B$10,0) -> 0 | M8: =MIN(Assumptions_Weights!$B$11, F8*Assumptions_Weights!$B$4 + H8*Assumptions_Weights!$B$5 + J8*Assumptions_Weights!$B$6 + K8*Assumptions_Weights!$B$7 - L8) -> 52.564374 | N8: =RANK(M8,$M$2:$M$13) -> 5
A9: =Raw_Submissions!A9 -> C008 | B9: =Raw_Submissions!B9 -> Bus Shelter Construction | C9: =Raw_Submissions!C9 -> Infrastructure | D9: =Raw_Submissions!D9 -> Ward 7 | E9: =Raw_Submissions!E9*(1/(1+Raw_Submissions!F9/365)) -> 16.632911 | F9: =($E9-MIN($E$2:$E$13))/(MAX($E$2:$E$13)-MIN($E$2:$E$13))*100 -> 1.3835496 | G9: =MAX(0,Need_Gap_Data!B9-1)*40 + (Need_Gap_Data!C9/20)*20 + (Need_Gap_Data!D9/100)*20 + (Need_Gap_Data!E9/100)*20 -> 15.5 | H9: =($G9-MIN($G$2:$G$13))/(MAX($G$2:$G$13)-MIN($G$2:$G$13))*100 -> 0 | I9: =Raw_Submissions!I9/Raw_Submissions!J9 -> 75 | J9: =($I9-MIN($I$2:$I$13))/(MAX($I$2:$I$13)-MIN($I$2:$I$13))*100 -> 51.689189 | K9: =Raw_Submissions!H9*100 -> 0 | L9: =IF(Raw_Submissions!K9="Y",Assumptions_Weights!$B$10,0) -> 0 | M9: =MIN(Assumptions_Weights!$B$11, F9*Assumptions_Weights!$B$4 + H9*Assumptions_Weights!$B$5 + J9*Assumptions_Weights!$B$6 + K9*Assumptions_Weights!$B$7 - L9) -> 13.337362 | N9: =RANK(M9,$M$2:$M$13) -> 12
A10: =Raw_Submissions!A10 -> C009 | B10: =Raw_Submissions!B10 -> Girls Toilet Block - Govt School | C10: =Raw_Submissions!C10 -> Education | D10: =Raw_Submissions!D10 -> Ward 6 | E10: =Raw_Submissions!E10*(1/(1+Raw_Submissions!F10/365)) -> 37.460526 | F10: =($E10-MIN($E$2:$E$13))/(MAX($E$2:$E$13)-MIN($E$2:$E$13))*100 -> 16.126023 | G10: =MAX(0,Need_Gap_Data!B10-1)*40 + (Need_Gap_Data!C10/20)*20 + (Need_Gap_Data!D10/100)*20 + (Need_Gap_Data!E10/100)*20 -> 35 | H10: =($G10-MIN($G$2:$G$13))/(MAX($G$2:$G$13)-MIN($G$2:$G$13))*100 -> 58.558559 | I10: =Raw_Submissions!I10/Raw_Submissions!J10 -> 34.166667 | J10: =($I10-MIN($I$2:$I$13))/(MAX($I$2:$I$13)-MIN($I$2:$I$13))*100 -> 21.34009 | K10: =Raw_Submissions!H10*100 -> 100 | L10: =IF(Raw_Submissions!K10="Y",Assumptions_Weights!$B$10,0) -> 0 | M10: =MIN(Assumptions_Weights!$B$11, F10*Assumptions_Weights!$B$4 + H10*Assumptions_Weights!$B$5 + J10*Assumptions_Weights!$B$6 + K10*Assumptions_Weights!$B$7 - L10) -> 40.668325 | N10: =RANK(M10,$M$2:$M$13) -> 8
A11: =Raw_Submissions!A11 -> C010 | B11: =Raw_Submissions!B11 -> Drainage/Flood Mitigation Works | C11: =Raw_Submissions!C11 -> Infrastructure | D11: =Raw_Submissions!D11 -> Ward 9 | E11: =Raw_Submissions!E11*(1/(1+Raw_Submissions!F11/365)) -> 94.978495 | F11: =($E11-MIN($E$2:$E$13))/(MAX($E$2:$E$13)-MIN($E$2:$E$13))*100 -> 56.839139 | G11: =MAX(0,Need_Gap_Data!B11-1)*40 + (Need_Gap_Data!C11/20)*20 + (Need_Gap_Data!D11/100)*20 + (Need_Gap_Data!E11/100)*20 -> 30 | H11: =($G11-MIN($G$2:$G$13))/(MAX($G$2:$G$13)-MIN($G$2:$G$13))*100 -> 43.543544 | I11: =Raw_Submissions!I11/Raw_Submissions!J11 -> 22.105263 | J11: =($I11-MIN($I$2:$I$13))/(MAX($I$2:$I$13)-MIN($I$2:$I$13))*100 -> 12.375533 | K11: =Raw_Submissions!H11*100 -> 100 | L11: =IF(Raw_Submissions!K11="Y",Assumptions_Weights!$B$10,0) -> 0 | M11: =MIN(Assumptions_Weights!$B$11, F11*Assumptions_Weights!$B$4 + H11*Assumptions_Weights!$B$5 + J11*Assumptions_Weights!$B$6 + K11*Assumptions_Weights!$B$7 - L11) -> 45.385865 | N11: =RANK(M11,$M$2:$M$13) -> 7
A12: =Raw_Submissions!A12 -> C011 | B12: =Raw_Submissions!B12 -> Skill Development Centre (duplicate of vocational ask) | C12: =Raw_Submissions!C12 -> Education | D12: =Raw_Submissions!D12 -> Ward 7 | E12: =Raw_Submissions!E12*(1/(1+Raw_Submissions!F12/365)) -> 14.678284 | F12: =($E12-MIN($E$2:$E$13))/(MAX($E$2:$E$13)-MIN($E$2:$E$13))*100 -> 0 | G12: =MAX(0,Need_Gap_Data!B12-1)*40 + (Need_Gap_Data!C12/20)*20 + (Need_Gap_Data!D12/100)*20 + (Need_Gap_Data!E12/100)*20 -> 36.3 | H12: =($G12-MIN($G$2:$G$13))/(MAX($G$2:$G$13)-MIN($G$2:$G$13))*100 -> 62.462462 | I12: =Raw_Submissions!I12/Raw_Submissions!J12 -> 5.7142857 | J12: =($I12-MIN($I$2:$I$13))/(MAX($I$2:$I$13)-MIN($I$2:$I$13))*100 -> 0.19305019 | K12: =Raw_Submissions!H12*100 -> 0 | L12: =IF(Raw_Submissions!K12="Y",Assumptions_Weights!$B$10,0) -> 5 | M12: =MIN(Assumptions_Weights!$B$11, F12*Assumptions_Weights!$B$4 + H12*Assumptions_Weights!$B$5 + J12*Assumptions_Weights!$B$6 + K12*Assumptions_Weights!$B$7 - L12) -> 16.910124 | N12: =RANK(M12,$M$2:$M$13) -> 11
A13: =Raw_Submissions!A13 -> C012 | B13: =Raw_Submissions!B13 -> Anganwadi Centre Renovation | C13: =Raw_Submissions!C13 -> Health | D13: =Raw_Submissions!D13 -> Ward 3 | E13: =Raw_Submissions!E13*(1/(1+Raw_Submissions!F13/365)) -> 38.698795 | F13: =($E13-MIN($E$2:$E$13))/(MAX($E$2:$E$13)-MIN($E$2:$E$13))*100 -> 17.00251 | G13: =MAX(0,Need_Gap_Data!B13-1)*40 + (Need_Gap_Data!C13/20)*20 + (Need_Gap_Data!D13/100)*20 + (Need_Gap_Data!E13/100)*20 -> 35.6 | H13: =($G13-MIN($G$2:$G$13))/(MAX($G$2:$G$13)-MIN($G$2:$G$13))*100 -> 60.36036 | I13: =Raw_Submissions!I13/Raw_Submissions!J13 -> 30 | J13: =($I13-MIN($I$2:$I$13))/(MAX($I$2:$I$13)-MIN($I$2:$I$13))*100 -> 18.243243 | K13: =Raw_Submissions!H13*100 -> 0 | L13: =IF(Raw_Submissions!K13="Y",Assumptions_Weights!$B$10,0) -> 0 | M13: =MIN(Assumptions_Weights!$B$11, F13*Assumptions_Weights!$B$4 + H13*Assumptions_Weights!$B$5 + J13*Assumptions_Weights!$B$6 + K13*Assumptions_Weights!$B$7 - L13) -> 30.78769 | N13: =RANK(M13,$M$2:$M$13) -> 9

Sheet Dashboard
A1: MP Priority Dashboard — Ranked Project Shortlist
A3: Rank | B3: Project | C3: Sector | D3: Ward | E3: Score | F3: Why (auto-summary)
A4: 1 | B4: =INDEX(Scoring_Engine!$B$2:$B$13,MATCH(1,Scoring_Engine!$N$2:$N$13,0)) -> Water Supply Pipeline Extension | C4: =INDEX(Scoring_Engine!$C$2:$C$13,MATCH(1,Scoring_Engine!$N$2:$N$13,0)) -> Water | D4: =INDEX(Scoring_Engine!$D$2:$D$13,MATCH(1,Scoring_Engine!$N$2:$N$13,0)) -> Ward 5 | E4: =INDEX(Scoring_Engine!$M$2:$M$13,MATCH(1,Scoring_Engine!$N$2:$N$13,0)) -> 74.558465 | F4: ="High score driven by demand ("&TEXT(INDEX(Scoring_Engine!$F$2:$F$13,MATCH(1,Scoring_Engine!$N$2:$N$13,0)),"0")&"), need-gap ("&TEXT(INDEX(Scoring_Engine!$H$2:$H$13,MATCH(1,Scoring_Engine!$N$2:$N$13,0)),"0")&")" -> High score driven by demand (100), need-gap (72)
A5: 2 | B5: =INDEX(Scoring_Engine!$B$2:$B$13,MATCH(2,Scoring_Engine!$N$2:$N$13,0)) -> Repair Access Road to Health Sub-Centre | C5: =INDEX(Scoring_Engine!$C$2:$C$13,MATCH(2,Scoring_Engine!$N$2:$N$13,0)) -> Roads | D5: =INDEX(Scoring_Engine!$D$2:$D$13,MATCH(2,Scoring_Engine!$N$2:$N$13,0)) -> Ward 2 | E5: =INDEX(Scoring_Engine!$M$2:$M$13,MATCH(2,Scoring_Engine!$N$2:$N$13,0)) -> 67.140248 | F5: ="High score driven by demand ("&TEXT(INDEX(Scoring_Engine!$F$2:$F$13,MATCH(2,Scoring_Engine!$N$2:$N$13,0)),"0")&"), need-gap ("&TEXT(INDEX(Scoring_Engine!$H$2:$H$13,MATCH(2,Scoring_Engine!$N$2:$N$13,0)),"0")&")" -> High score driven by demand (44), need-gap (68)
A6: 3 | B6: =INDEX(Scoring_Engine!$B$2:$B$13,MATCH(3,Scoring_Engine!$N$2:$N$13,0)) -> Additional Classrooms - Enrollment Overflow | C6: =INDEX(Scoring_Engine!$C$2:$C$13,MATCH(3,Scoring_Engine!$N$2:$N$13,0)) -> Education | D6: =INDEX(Scoring_Engine!$D$2:$D$13,MATCH(3,Scoring_Engine!$N$2:$N$13,0)) -> Ward 4 | E6: =INDEX(Scoring_Engine!$M$2:$M$13,MATCH(3,Scoring_Engine!$N$2:$N$13,0)) -> 61.578338 | F6: ="High score driven by demand ("&TEXT(INDEX(Scoring_Engine!$F$2:$F$13,MATCH(3,Scoring_Engine!$N$2:$N$13,0)),"0")&"), need-gap ("&TEXT(INDEX(Scoring_Engine!$H$2:$H$13,MATCH(3,Scoring_Engine!$N$2:$N$13,0)),"0")&")" -> High score driven by demand (97), need-gap (88)
A7: 4 | B7: =INDEX(Scoring_Engine!$B$2:$B$13,MATCH(4,Scoring_Engine!$N$2:$N$13,0)) -> Streetlights - Public Safety | C7: =INDEX(Scoring_Engine!$C$2:$C$13,MATCH(4,Scoring_Engine!$N$2:$N$13,0)) -> Infrastructure | D7: =INDEX(Scoring_Engine!$D$2:$D$13,MATCH(4,Scoring_Engine!$N$2:$N$13,0)) -> Ward 9 | E7: =INDEX(Scoring_Engine!$M$2:$M$13,MATCH(4,Scoring_Engine!$N$2:$N$13,0)) -> 56.722775 | F7: ="High score driven by demand ("&TEXT(INDEX(Scoring_Engine!$F$2:$F$13,MATCH(4,Scoring_Engine!$N$2:$N$13,0)),"0")&"), need-gap ("&TEXT(INDEX(Scoring_Engine!$H$2:$H$13,MATCH(4,Scoring_Engine!$N$2:$N$13,0)),"0")&")" -> High score driven by demand (35), need-gap (32)
A8: 5 | B8: =INDEX(Scoring_Engine!$B$2:$B$13,MATCH(5,Scoring_Engine!$N$2:$N$13,0)) -> Community Health Sub-Centre Upgrade | C8: =INDEX(Scoring_Engine!$C$2:$C$13,MATCH(5,Scoring_Engine!$N$2:$N$13,0)) -> Health | D8: =INDEX(Scoring_Engine!$D$2:$D$13,MATCH(5,Scoring_Engine!$N$2:$N$13,0)) -> Ward 2 | E8: =INDEX(Scoring_Engine!$M$2:$M$13,MATCH(5,Scoring_Engine!$N$2:$N$13,0)) -> 52.564374 | F8: ="High score driven by demand ("&TEXT(INDEX(Scoring_Engine!$F$2:$F$13,MATCH(5,Scoring_Engine!$N$2:$N$13,0)),"0")&"), need-gap ("&TEXT(INDEX(Scoring_Engine!$H$2:$H$13,MATCH(5,Scoring_Engine!$N$2:$N$13,0)),"0")&")" -> High score driven by demand (24), need-gap (100)
A9: 6 | B9: =INDEX(Scoring_Engine!$B$2:$B$13,MATCH(6,Scoring_Engine!$N$2:$N$13,0)) -> Upgrade Govt Primary School Bldg | C9: =INDEX(Scoring_Engine!$C$2:$C$13,MATCH(6,Scoring_Engine!$N$2:$N$13,0)) -> Education | D9: =INDEX(Scoring_Engine!$D$2:$D$13,MATCH(6,Scoring_Engine!$N$2:$N$13,0)) -> Ward 4 | E9: =INDEX(Scoring_Engine!$M$2:$M$13,MATCH(6,Scoring_Engine!$N$2:$N$13,0)) -> 46.104158 | F9: ="High score driven by demand ("&TEXT(INDEX(Scoring_Engine!$F$2:$F$13,MATCH(6,Scoring_Engine!$N$2:$N$13,0)),"0")&"), need-gap ("&TEXT(INDEX(Scoring_Engine!$H$2:$H$13,MATCH(6,Scoring_Engine!$N$2:$N$13,0)),"0")&")" -> High score driven by demand (76), need-gap (59)
A10: 7 | B10: =INDEX(Scoring_Engine!$B$2:$B$13,MATCH(7,Scoring_Engine!$N$2:$N$13,0)) -> Drainage/Flood Mitigation Works | C10: =INDEX(Scoring_Engine!$C$2:$C$13,MATCH(7,Scoring_Engine!$N$2:$N$13,0)) -> Infrastructure | D10: =INDEX(Scoring_Engine!$D$2:$D$13,MATCH(7,Scoring_Engine!$N$2:$N$13,0)) -> Ward 9 | E10: =INDEX(Scoring_Engine!$M$2:$M$13,MATCH(7,Scoring_Engine!$N$2:$N$13,0)) -> 45.385865 | F10: ="High score driven by demand ("&TEXT(INDEX(Scoring_Engine!$F$2:$F$13,MATCH(7,Scoring_Engine!$N$2:$N$13,0)),"0")&"), need-gap ("&TEXT(INDEX(Scoring_Engine!$H$2:$H$13,MATCH(7,Scoring_Engine!$N$2:$N$13,0)),"0")&")" -> High score driven by demand (57), need-gap (44)
A11: 8 | B11: =INDEX(Scoring_Engine!$B$2:$B$13,MATCH(8,Scoring_Engine!$N$2:$N$13,0)) -> Girls Toilet Block - Govt School | C11: =INDEX(Scoring_Engine!$C$2:$C$13,MATCH(8,Scoring_Engine!$N$2:$N$13,0)) -> Education | D11: =INDEX(Scoring_Engine!$D$2:$D$13,MATCH(8,Scoring_Engine!$N$2:$N$13,0)) -> Ward 6 | E11: =INDEX(Scoring_Engine!$M$2:$M$13,MATCH(8,Scoring_Engine!$N$2:$N$13,0)) -> 40.668325 | F11: ="High score driven by demand ("&TEXT(INDEX(Scoring_Engine!$F$2:$F$13,MATCH(8,Scoring_Engine!$N$2:$N$13,0)),"0")&"), need-gap ("&TEXT(INDEX(Scoring_Engine!$H$2:$H$13,MATCH(8,Scoring_Engine!$N$2:$N$13,0)),"0")&")" -> High score driven by demand (16), need-gap (59)
A12: 9 | B12: =INDEX(Scoring_Engine!$B$2:$B$13,MATCH(9,Scoring_Engine!$N$2:$N$13,0)) -> Anganwadi Centre Renovation | C12: =INDEX(Scoring_Engine!$C$2:$C$13,MATCH(9,Scoring_Engine!$N$2:$N$13,0)) -> Health | D12: =INDEX(Scoring_Engine!$D$2:$D$13,MATCH(9,Scoring_Engine!$N$2:$N$13,0)) -> Ward 3 | E12: =INDEX(Scoring_Engine!$M$2:$M$13,MATCH(9,Scoring_Engine!$N$2:$N$13,0)) -> 30.78769 | F12: ="High score driven by demand ("&TEXT(INDEX(Scoring_Engine!$F$2:$F$13,MATCH(9,Scoring_Engine!$N$2:$N$13,0)),"0")&"), need-gap ("&TEXT(INDEX(Scoring_Engine!$H$2:$H$13,MATCH(9,Scoring_Engine!$N$2:$N$13,0)),"0")&")" -> High score driven by demand (17), need-gap (60)
A13: 10 | B13: =INDEX(Scoring_Engine!$B$2:$B$13,MATCH(10,Scoring_Engine!$N$2:$N$13,0)) -> New Vocational Training Centre | C13: =INDEX(Scoring_Engine!$C$2:$C$13,MATCH(10,Scoring_Engine!$N$2:$N$13,0)) -> Education | D13: =INDEX(Scoring_Engine!$D$2:$D$13,MATCH(10,Scoring_Engine!$N$2:$N$13,0)) -> Ward 7 | E13: =INDEX(Scoring_Engine!$M$2:$M$13,MATCH(10,Scoring_Engine!$N$2:$N$13,0)) -> 23.473517 | F13: ="High score driven by demand ("&TEXT(INDEX(Scoring_Engine!$F$2:$F$13,MATCH(10,Scoring_Engine!$N$2:$N$13,0)),"0")&"), need-gap ("&TEXT(INDEX(Scoring_Engine!$H$2:$H$13,MATCH(10,Scoring_Engine!$N$2:$N$13,0)),"0")&")" -> High score driven by demand (5), need-gap (62)
A14: 11 | B14: =INDEX(Scoring_Engine!$B$2:$B$13,MATCH(11,Scoring_Engine!$N$2:$N$13,0)) -> Skill Development Centre (duplicate of vocational ask) | C14: =INDEX(Scoring_Engine!$C$2:$C$13,MATCH(11,Scoring_Engine!$N$2:$N$13,0)) -> Education | D14: =INDEX(Scoring_Engine!$D$2:$D$13,MATCH(11,Scoring_Engine!$N$2:$N$13,0)) -> Ward 7 | E14: =INDEX(Scoring_Engine!$M$2:$M$13,MATCH(11,Scoring_Engine!$N$2:$N$13,0)) -> 16.910124 | F14: ="High score driven by demand ("&TEXT(INDEX(Scoring_Engine!$F$2:$F$13,MATCH(11,Scoring_Engine!$N$2:$N$13,0)),"0")&"), need-gap ("&TEXT(INDEX(Scoring_Engine!$H$2:$H$13,MATCH(11,Scoring_Engine!$N$2:$N$13,0)),"0")&")" -> High score driven by demand (0), need-gap (62)
A15: 12 | B15: =INDEX(Scoring_Engine!$B$2:$B$13,MATCH(12,Scoring_Engine!$N$2:$N$13,0)) -> Bus Shelter Construction | C15: =INDEX(Scoring_Engine!$C$2:$C$13,MATCH(12,Scoring_Engine!$N$2:$N$13,0)) -> Infrastructure | D15: =INDEX(Scoring_Engine!$D$2:$D$13,MATCH(12,Scoring_Engine!$N$2:$N$13,0)) -> Ward 7 | E15: =INDEX(Scoring_Engine!$M$2:$M$13,MATCH(12,Scoring_Engine!$N$2:$N$13,0)) -> 13.337362 | F15: ="High score driven by demand ("&TEXT(INDEX(Scoring_Engine!$F$2:$F$13,MATCH(12,Scoring_Engine!$N$2:$N$13,0)),"0")&"), need-gap ("&TEXT(INDEX(Scoring_Engine!$H$2:$H$13,MATCH(12,Scoring_Engine!$N$2:$N$13,0)),"0")&")" -> High score driven by demand (1), need-gap (0)
A18: Total Score by Sector
A19: Sector | B19: Total Priority Score
A20: Education | B20: =SUMIF(Scoring_Engine!$C$2:$C$13,A20,Scoring_Engine!$M$2:$M$13) -> 188.73446
A21: Roads | B21: =SUMIF(Scoring_Engine!$C$2:$C$13,A21,Scoring_Engine!$M$2:$M$13) -> 67.140248
A22: Infrastructure | B22: =SUMIF(Scoring_Engine!$C$2:$C$13,A22,Scoring_Engine!$M$2:$M$13) -> 115.446
A23: Water | B23: =SUMIF(Scoring_Engine!$C$2:$C$13,A23,Scoring_Engine!$M$2:$M$13) -> 74.558465
A24: Health | B24: =SUMIF(Scoring_Engine!$C$2:$C$13,A24,Scoring_Engine!$M$2:$M$13) -> 83.352064
A27: Note: 'Dashboard' pulls live from Scoring_Engine. Change weights in Assumptions_Weights and everything updates.
